<?xml version="1.0" encoding="UTF-8"?>
<project-private xmlns="http://www.netbeans.org/ns/project-private/1">
    <editor-bookmarks xmlns="http://www.netbeans.org/ns/editor-bookmarks/2" lastBookmarkId="0"/>
    <open-files xmlns="http://www.netbeans.org/ns/projectui-open-files/2">
        <group>
            <file>file:/C:/Users/Carlos/Documents/NetBeansProjects/JPA_SII/src/jpa_sii/JPA_SII.java</file>
            <file>file:/C:/Users/Carlos/Documents/NetBeansProjects/JPA_SII/src/jpa_sii/Beneficiario.java</file>
            <file>file:/C:/Users/Carlos/Documents/NetBeansProjects/JPA_SII/src/jpa_sii/Ingresos_Egresos.java</file>
            <file>file:/C:/Users/Carlos/Documents/NetBeansProjects/JPA_SII/src/jpa_sii/Socios.java</file>
            <file>file:/C:/Users/Carlos/Documents/NetBeansProjects/JPA_SII/src/jpa_sii/Personal_Asociacion.java</file>
            <file>file:/C:/Users/Carlos/Documents/NetBeansProjects/JPA_SII/src/jpa_sii/Proyecto.java</file>
            <file>file:/C:/Users/Carlos/Documents/NetBeansProjects/JPA_SII/src/jpa_sii/Envios.java</file>
            <file>file:/C:/Users/Carlos/Documents/NetBeansProjects/JPA_SII/src/META-INF/persistence.xml</file>
            <file>file:/C:/Users/Carlos/Documents/NetBeansProjects/JPA_SII/src/jpa_sii/Centro.java</file>
        </group>
    </open-files>
</project-private>
